Date,Count
30-03-2025,85
31-03-2025,155
01-04-2025,113
02-04-2025,69
03-04-2025,154
04-04-2025,169
05-04-2025,124
06-04-2025,184
07-04-2025,181
08-04-2025,144
09-04-2025,157
10-04-2025,52
11-04-2025,149
12-04-2025,87
13-04-2025,66
14-04-2025,177
15-04-2025,155
16-04-2025,131
17-04-2025,114
18-04-2025,127
19-04-2025,136
20-04-2025,74
21-04-2025,155
22-04-2025,118
23-04-2025,140
24-04-2025,107
25-04-2025,172
26-04-2025,108
27-04-2025,73
28-04-2025,76
29-04-2025,111
30-04-2025,69
